{"cameraMode":{"drawMode":0,"name":"Shaded","section":"Shading Mode"},"sceneLighting":false,"audioPlay":false,"sceneViewState":{"showFog":true,"showMaterialUpdate":false,"showSkybox":true,"showFlares":true,"showImageEffects":true,"showParticleSystems":true},"in2DMode":false,"pivot":{"x":-6.118000030517578,"y":0.009999990463256836,"z":-2.4700000286102297},"rotation":{"x":-0.3502064347267151,"y":-0.2791239023208618,"z":0.11016843467950821,"w":-0.88730388879776},"size":8.573651313781739,"orthographic":false}