{"cameraMode":{"drawMode":0,"name":"Shaded","section":"Shading Mode"},"sceneLighting":false,"audioPlay":false,"sceneViewState":{"showFog":true,"showMaterialUpdate":false,"showSkybox":true,"showFlares":true,"showImageEffects":true,"showParticleSystems":true},"in2DMode":false,"pivot":{"x":0.4460785388946533,"y":-1.6823019981384278,"z":1.227205753326416},"rotation":{"x":-0.35542431473731997,"y":0.2330351024866104,"z":-0.09197515994310379,"w":-0.9005047678947449},"size":9.048961639404297,"orthographic":false}