{"cameraMode":{"drawMode":0,"name":"Shaded","section":"Shading Mode"},"sceneLighting":true,"audioPlay":false,"sceneViewState":{"showFog":true,"showMaterialUpdate":false,"showSkybox":true,"showFlares":true,"showImageEffects":true,"showParticleSystems":true},"in2DMode":false,"pivot":{"x":-9.069950103759766,"y":1.7803151607513428,"z":-6.933598518371582},"rotation":{"x":0.43059587478637698,"y":0.26300880312919619,"z":-0.13275372982025147,"w":0.8531061410903931},"size":3.6409554481506349,"orthographic":false}