{"cameraMode":{"drawMode":0,"name":"Shaded","section":"Shading Mode"},"sceneLighting":false,"audioPlay":false,"sceneViewState":{"showFog":true,"showMaterialUpdate":false,"showSkybox":true,"showFlares":true,"showImageEffects":true,"showParticleSystems":true},"in2DMode":false,"pivot":{"x":-1.8184385299682618,"y":7.870952606201172,"z":6.368377685546875},"rotation":{"x":-0.2813473641872406,"y":-0.0667104423046112,"z":0.0196125078946352,"w":-0.9570834636688232},"size":67.8065414428711,"orthographic":false}