{"cameraMode":{"drawMode":0,"name":"Shaded","section":"Shading Mode"},"sceneLighting":false,"audioPlay":false,"sceneViewState":{"showFog":true,"showMaterialUpdate":false,"showSkybox":true,"showFlares":true,"showImageEffects":true,"showParticleSystems":true},"in2DMode":false,"pivot":{"x":-0.00000667572021484375,"y":-11.076431274414063,"z":0.0},"rotation":{"x":-0.27362337708473208,"y":0.6623984575271606,"z":-0.28469112515449526,"w":-0.6366392374038696},"size":115.61707305908203,"orthographic":false}