{"cameraMode":{"drawMode":0,"name":"Shaded","section":"Shading Mode"},"sceneLighting":false,"audioPlay":false,"sceneViewState":{"showFog":true,"showMaterialUpdate":false,"showSkybox":true,"showFlares":true,"showImageEffects":true,"showParticleSystems":true},"in2DMode":false,"pivot":{"x":0.07827949523925781,"y":0.13056230545043946,"z":0.13490009307861329},"rotation":{"x":-0.32496288418769839,"y":-0.4737696945667267,"z":0.19359317421913148,"w":-0.7952755093574524},"size":66.3691177368164,"orthographic":false}