{"cameraMode":{"drawMode":0,"name":"Shaded","section":"Shading Mode"},"sceneLighting":false,"audioPlay":false,"sceneViewState":{"showFog":true,"showMaterialUpdate":false,"showSkybox":true,"showFlares":true,"showImageEffects":true,"showParticleSystems":true},"in2DMode":false,"pivot":{"x":0.12164950370788574,"y":-0.17952078580856324,"z":6.869999885559082},"rotation":{"x":0.3174191117286682,"y":-0.21917925775051118,"z":0.07566191256046295,"w":0.9195003509521484},"size":3.123760461807251,"orthographic":false}