{"cameraMode":{"drawMode":0,"name":"Shaded","section":"Shading Mode"},"sceneLighting":false,"audioPlay":false,"sceneViewState":{"showFog":true,"showMaterialUpdate":false,"showSkybox":true,"showFlares":true,"showImageEffects":true,"showParticleSystems":true},"in2DMode":false,"pivot":{"x":0.0,"y":1.1920928955078126e-7,"z":3.380000114440918},"rotation":{"x":-0.25691789388656618,"y":-0.5789358615875244,"z":0.19889383018016816,"w":-0.747842013835907},"size":2.0377767086029054,"orthographic":false}